Model,Accuracy,Precision,Recall,F1 Score,Loss
InceptionResnetV2,0.7934232715008431,0.8390262443775326,0.7267387781028897,0.7500453859498182,0.652422021878393
