Model,Accuracy,Precision,Recall,F1 Score,Loss
InceptionResnetV2,0.9266441821247892,0.9268820345870462,0.9116616477879834,0.9188485983948605,0.13239037511275933
